{"loss": [0.0709196925163269, 0.0630863830447197, 0.0647939145565033, 0.06052730605006218, 0.05782530829310417], "mae": [0.20687811076641083, 0.19161368906497955, 0.1916576623916626, 0.18517516553401947, 0.17657358944416046], "val_loss": [0.04955107718706131, 0.043349456042051315, 0.04325348138809204, 0.04581799730658531, 0.04676495119929314], "val_mae": [0.1468535214662552, 0.1420820653438568, 0.13996128737926483, 0.14529156684875488, 0.14214012026786804]}