{"loss": [0.06821471452713013, 0.06654392927885056, 0.06285079568624496, 0.060877155512571335, 0.05775750055909157], "mae": [0.2018202543258667, 0.1984233856201172, 0.19053086638450623, 0.18497507274150848, 0.17939259111881256], "val_loss": [0.04366040229797363, 0.045753974467515945, 0.048060666769742966, 0.043663401156663895, 0.04320194572210312], "val_mae": [0.1441313475370407, 0.141501784324646, 0.1446003019809723, 0.13905398547649384, 0.1382136344909668]}