{"loss": [0.06904547661542892, 0.061224039644002914, 0.05909125879406929, 0.05906631797552109, 0.056512150913476944], "mae": [0.20187142491340637, 0.1860836297273636, 0.18131454288959503, 0.17924174666404724, 0.17275956273078918], "val_loss": [0.04472670704126358, 0.04322855547070503, 0.043282993137836456, 0.043882254511117935, 0.0443422757089138], "val_mae": [0.14679774641990662, 0.1398078352212906, 0.13970519602298737, 0.13998928666114807, 0.13931259512901306]}