{"loss": [0.0669831782579422, 0.04825318232178688, 0.03663444146513939, 0.02841205708682537, 0.022478876635432243, 0.019701717421412468, 0.01555287279188633, 0.014046763069927692], "mae": [0.19422560930252075, 0.15681397914886475, 0.13688574731349945, 0.11740932613611221, 0.10318264365196228, 0.09341996163129807, 0.08410000801086426, 0.07891808450222015], "val_loss": [0.04870128259062767, 0.05115553364157677, 0.05485941842198372, 0.05849019065499306, 0.05904481187462807, 0.05728036165237427, 0.06008424237370491, 0.06103408709168434], "val_mae": [0.1541116088628769, 0.15926678478717804, 0.1733645349740982, 0.18721653521060944, 0.19917070865631104, 0.19734802842140198, 0.2038550078868866, 0.20517873764038086]}