{"loss": [0.06908147037029266, 0.0649183839559555, 0.06417819857597351, 0.062020108103752136, 0.06075819954276085], "mae": [0.1997237205505371, 0.19636191427707672, 0.19429834187030792, 0.18700475990772247, 0.1846718192100525], "val_loss": [0.04551718756556511, 0.04387594386935234, 0.045780111104249954, 0.043409015983343124, 0.04421745985746384], "val_mae": [0.1434376984834671, 0.14203356206417084, 0.14587487280368805, 0.1419350653886795, 0.13992734253406525]}