{"loss": [0.07568775862455368, 0.061792753636837006, 0.0639515295624733, 0.05747585743665695, 0.05782635137438774], "mae": [0.21057645976543427, 0.18893550336360931, 0.1902281492948532, 0.17996403574943542, 0.17830047011375427], "val_loss": [0.042983900755643845, 0.049906712025403976, 0.04301394894719124, 0.04313936457037926, 0.043057769536972046], "val_mae": [0.1372213065624237, 0.14716415107250214, 0.13896481692790985, 0.13835249841213226, 0.13758280873298645]}