{"loss": [0.06916021555662155, 0.06621983647346497, 0.06088421121239662, 0.06020615994930267, 0.05957891792058945], "mae": [0.2052334100008011, 0.1956174671649933, 0.18733860552310944, 0.1861637830734253, 0.18236219882965088], "val_loss": [0.04530719667673111, 0.04398096725344658, 0.04489344730973244, 0.04356803372502327, 0.043094925582408905], "val_mae": [0.1421050876379013, 0.14113594591617584, 0.14161068201065063, 0.14000897109508514, 0.13880600035190582]}