{"loss": [0.0697396770119667, 0.06296060979366302, 0.06353779137134552, 0.05897188186645508, 0.05972336232662201], "mae": [0.20288439095020294, 0.192454993724823, 0.19263048470020294, 0.1823432296514511, 0.18313142657279968], "val_loss": [0.043833937495946884, 0.043467938899993896, 0.04329722747206688, 0.04718276858329773, 0.044635601341724396], "val_mae": [0.14227332174777985, 0.14038945734500885, 0.13901256024837494, 0.15157051384449005, 0.14074255526065826]}