{"loss": [0.09140081703662872, 0.06064732372760773, 0.05640638619661331, 0.05306673422455788, 0.05244160443544388], "mae": [0.22877897322177887, 0.18112315237522125, 0.16659651696681976, 0.1589379459619522, 0.15804608166217804], "val_loss": [0.06611393392086029, 0.044662363827228546, 0.043331753462553024, 0.045653194189071655, 0.044117264449596405], "val_mae": [0.20975832641124725, 0.152176633477211, 0.13974858820438385, 0.1422284096479416, 0.1391185075044632]}