{"loss": [0.08419372141361237, 0.0622791051864624, 0.05670630931854248, 0.05251432955265045, 0.0519702285528183], "mae": [0.22521978616714478, 0.18696348369121552, 0.16853977739810944, 0.15937434136867523, 0.15729625523090363], "val_loss": [0.04840478673577309, 0.04359033703804016, 0.043411802500486374, 0.04355523735284805, 0.04372601956129074], "val_mae": [0.1621260643005371, 0.14021387696266174, 0.1407008022069931, 0.13915157318115234, 0.13896359503269196]}