{"loss": [0.08058205246925354, 0.069119393825531, 0.06463979929685593, 0.06254903227090836, 0.06360340118408203], "mae": [0.22619597613811493, 0.2026788741350174, 0.1946958750486374, 0.19277270138263702, 0.1928814798593521], "val_loss": [0.05117225646972656, 0.04435298219323158, 0.0432899035513401, 0.0433228500187397, 0.04352758452296257], "val_mae": [0.17296114563941956, 0.148380309343338, 0.13995487987995148, 0.1379954069852829, 0.13820311427116394]}