{"loss": [0.08238402009010315, 0.06969927996397018, 0.06554556638002396, 0.06752366572618484, 0.06620138883590698], "mae": [0.23619206249713898, 0.20890361070632935, 0.19791248440742493, 0.20035839080810547, 0.20005273818969727], "val_loss": [0.05230272561311722, 0.04562308266758919, 0.04395032301545143, 0.043378155678510666, 0.04339360073208809], "val_mae": [0.18289785087108612, 0.1506272852420807, 0.13916467130184174, 0.13805294036865234, 0.13842515647411346]}