{"loss": [0.0871930941939354, 0.07402227818965912, 0.07292357087135315, 0.066890649497509, 0.06700215488672256], "mae": [0.2319968044757843, 0.21248990297317505, 0.2082946002483368, 0.20069840550422668, 0.20129244029521942], "val_loss": [0.0685277134180069, 0.0560121051967144, 0.04820762202143669, 0.04611058905720711, 0.04483434930443764], "val_mae": [0.19588813185691833, 0.17143161594867706, 0.15623019635677338, 0.15020084381103516, 0.14609281718730927]}